Image,H_0_0,H_0_1,H_0_2,H_0_3,H_1_0,H_1_1,H_1_2,H_1_3,H_2_0,H_2_1,H_2_2,H_2_3,H_3_0,H_3_1,H_3_2,H_3_3,P_0_0,P_0_1,P_0_2,P_0_3,P_1_0,P_1_1,P_1_2,P_1_3,P_2_0,P_2_1,P_2_2,P_2_3,P_3_0,P_3_1,P_3_2,P_3_3,V_0_0,V_0_1,V_0_2,V_0_3,V_1_0,V_1_1,V_1_2,V_1_3,V_2_0,V_2_1,V_2_2,V_2_3,V_3_0,V_3_1,V_3_2,V_3_3,M_0_0,M_0_1,M_0_2,M_0_3,M_1_0,M_1_1,M_1_2,M_1_3,M_2_0,M_2_1,M_2_2,M_2_3,M_3_0,M_3_1,M_3_2,M_3_3
1,16,118,108,18,17,80,80,5,17,81,83,19,60,95,96,77,10,44,29,17,23,40,36,22,14,12,66,16,21,28,54,33,30,29,32,38,62,100,91,74,22,70,89,22,36,49,35,42,12,25,48,18,22,28,41,17,12,86,5,12,23,48,31,28
2,8,60,49,4,10,85,85,9,4,52,55,6,3,82,59,0,12,71,33,11,15,34,34,6,2,32,52,1,1,26,49,0,31,60,116,26,24,87,102,25,0,122,112,2,2,50,62,0,18,16,26,15,9,41,28,18,0,49,30,4,2,44,21,0
3,31,79,86,60,48,66,48,47,28,68,61,27,29,22,44,21,24,51,32,36,26,41,48,48,25,48,72,24,50,47,60,32,14,45,76,80,35,92,129,126,39,60,58,94,94,125,96,127,16,53,66,73,23,53,32,93,33,37,45,43,34,18,19,41
4,181,103,104,131,148,66,68,66,129,79,78,57,76,72,60,62,22,49,30,4,49,37,42,9,45,44,49,51,46,95,46,14,1,51,31,12,6,88,91,75,60,74,95,95,63,24,62,54,9,22,55,80,44,58,44,90,56,55,32,40,8,13,37,58
5,50,107,102,76,57,133,132,62,62,110,145,75,46,59,35,65,41,58,5,15,26,36,40,51,36,17,69,51,23,27,86,74,83,21,39,55,90,35,44,79,71,29,13,66,56,70,85,30,20,39,77,52,53,51,29,25,59,78,19,32,56,58,11,17
6,110,78,29,59,102,61,66,73,104,47,54,64,22,44,55,12,12,42,32,13,22,47,52,21,38,63,25,35,28,36,41,12,42,63,81,111,51,109,99,110,54,116,109,62,107,89,92,121,32,37,59,10,51,32,33,17,29,27,67,47,30,50,31,49
7,77,95,98,68,76,81,114,68,103,145,140,107,70,65,84,75,87,56,52,29,58,57,50,37,17,24,47,57,66,75,36,34,45,38,44,71,64,79,66,82,37,42,45,48,28,50,37,55,3,37,25,32,28,23,28,44,64,45,25,16,19,17,58,33
8,9,54,46,41,5,62,34,41,29,103,116,49,4,160,95,30,53,54,35,49,33,37,67,44,32,44,46,35,15,34,21,29,129,87,82,73,160,96,126,86,152,85,62,82,156,13,55,128,21,26,55,47,36,52,29,40,30,27,30,40,17,27,52,21
9,42,72,36,55,48,116,57,75,43,77,73,139,65,71,110,99,79,64,17,49,42,41,57,67,45,74,76,13,30,63,37,10,78,54,104,80,78,52,97,97,98,58,56,29,49,72,38,40,15,24,62,62,52,41,40,53,41,27,32,42,53,23,34,45
10,88,92,96,94,86,48,60,86,84,90,38,102,12,53,38,25,91,53,47,61,93,54,52,51,84,33,53,56,39,46,36,51,79,72,66,58,77,114,105,61,78,88,123,73,138,82,118,87,30,35,49,65,50,52,53,60,11,50,38,95,11,14,16,39
